Domain,Best Keyword,Keyword CPC,Keyword Volume,Keyword Rank,Competitor Domain,Keywords,Traffic Value ($),Monthly Clicks,Authority,Avg Rank
salemplasticsurgery.com,"dermaplaning winston salem",20.41,40,4,square.site,2004000,2205000.00,1515000,58,38.1
salemplasticsurgery.com,"dermaplaning winston salem",20.41,40,4,skinsurgerycenter.net,14929,56440.00,11200,43,45.6
salemplasticsurgery.com,"dermaplaning winston salem",20.41,40,4,winstonsalemdermatology.com,11660,41770.00,5495,42,48.5
salemplasticsurgery.com,"dermaplaning winston salem",20.41,40,4,qimassageandnaturalhealingspa.com,5639,6545.00,4223,35,45.5
salemplasticsurgery.com,"dermaplaning winston salem",20.41,40,4,restorationmedspa.com,2245,5660.00,1017,34,44.1
salemplasticsurgery.com,"dermaplaning winston salem",20.41,40,4,restorationmedspa.com,2245,5660.00,1017,34,44.1
salemplasticsurgery.com,"dermaplaning winston salem",20.41,40,4,studioalkali.com,2097,2880.00,1727,31,34.8
salemplasticsurgery.com,"dermaplaning winston salem",20.41,40,4,gloskincarestudio.com,253,206.40,385,21,47.4
aestheticinstitute.ie,"fraxel laser cost",3.08,630,67,bcm.edu,462600,1109000.00,428700,55,53.2
aestheticinstitute.ie,"fraxel laser cost",3.08,630,67,kraussdermatology.com,18210,96070.00,14960,45,42.8
aestheticinstitute.ie,"fraxel laser cost",3.08,630,67,dallascosmeticderm.com,7196,38520.00,3692,42,44.5
aestheticinstitute.ie,"fraxel laser cost",3.08,630,67,khoobehi.com,3130,32780.00,2066,41,43.3
aestheticinstitute.ie,"fraxel laser cost",3.08,630,67,gallaherplasticsurgery.com,3614,22500.00,1967,40,47.1
aestheticinstitute.ie,"fraxel laser cost",3.08,630,67,medicalcosmetic.org,1602,15290.00,677,38,48.1
aestheticinstitute.ie,"fraxel laser cost",3.08,630,67,derm-specialists.net,2033,9837.00,1927,36,49.0
aestheticinstitute.ie,"fraxel laser cost",3.08,630,67,railanmd.com,1173,2869.00,918,31,37.0
axiominjury.com,"chiropractors carrollton tx",9,28,35,thejoint.com,119000,598400.00,224000,52,49.8
axiominjury.com,"chiropractors carrollton tx",9,28,35,myserenitychiro.com,306,2670.00,78,31,50.1
axiominjury.com,"chiropractors carrollton tx",9,28,35,backinmotionchiropractic.net,81,2586.00,29,31,43.7
axiominjury.com,"chiropractors carrollton tx",9,28,35,chiroforyou.com,154,1863.00,91,30,50.4
axiominjury.com,"chiropractors carrollton tx",9,28,35,elevationsportsmed.com,209,1516.00,45,29,50.8
axiominjury.com,"chiropractors carrollton tx",9,28,35,dfwchiromassage.net,123,1510.00,113,29,37.8
axiominjury.com,"chiropractors carrollton tx",9,28,35,carrolltonchiro.net,103,896.30,48,27,45.3
axiominjury.com,"chiropractors carrollton tx",9,28,35,winspineclinic.com,122,825.10,20,27,49.6
axiominjury.com,"chiropractors carrollton tx",9,28,35,wellnesspluschiro.com,44,699.70,20,26,47.0
alignwc.com,"North Shore Chiropractic",9.36,135,29,northshorehealth.org,19200,51380.00,15110,43,48.8
alignwc.com,"North Shore Chiropractic",9.36,135,29,northshorechirocl.com,30,1094.00,38,28,48.1
alignwc.com,"North Shore Chiropractic",9.36,135,29,northshorechiropractic.com,68,827.80,22,27,45.9
alignwc.com,"North Shore Chiropractic",9.36,135,29,northshorechiropracticcenter.com,116,648.40,48,26,40.9
alignwc.com,"North Shore Chiropractic",9.36,135,29,nschiro.com,42,553.20,53,25,34.6
alignwc.com,"North Shore Chiropractic",9.36,135,29,drcarlchiro.com,42,340.00,26,23,40.6
alignwc.com,"North Shore Chiropractic",9.36,135,29,drcarlchiro.com,42,340.00,26,23,40.6
alignwc.com,"North Shore Chiropractic",9.36,135,29,northshorechiropracticandmassage.com,48,170.80,28,20,41.4
alignwc.com,"North Shore Chiropractic",9.36,135,29,northshorechirocenter.com,10,85.38,97,18,37.5
infinityspine.com,"infinity of scottsdale",2.76,70,50,mapquest.com,61710000,107700000.00,70150000,73,24.2
infinityspine.com,"infinity of scottsdale",2.76,70,50,cars.com,5706000,9888000.00,6085000,64,37.3
infinityspine.com,"infinity of scottsdale",2.76,70,50,cars.com,5706000,9888000.00,6085000,64,37.3
infinityspine.com,"infinity of scottsdale",2.76,70,50,carfax.com,5131000,9023000.00,11650000,63,38.2
infinityspine.com,"infinity of scottsdale",2.76,70,50,capitalone.com,2780000,8144000.00,4222000,63,47.2
infinityspine.com,"infinity of scottsdale",2.76,70,50,autostoday.com,818200,1797000.00,534500,57,33.0
infinityspine.com,"infinity of scottsdale",2.76,70,50,buildinfinityhomes.com,3726,16980.00,2999,38,40.9
painreliefkc.com,"chiropractor overland park",3.82,135,54,asfca.com,2428,18090.00,1497,39,46.4
painreliefkc.com,"chiropractor overland park",3.82,135,54,spinealignop.com,211,4768.00,59,33,45.7
painreliefkc.com,"chiropractor overland park",3.82,135,54,truehealthkc.com,412,3693.00,250,32,44.3
painreliefkc.com,"chiropractor overland park",3.82,135,54,whitmorechiropractic.com,227,3478.00,36,32,39.5
painreliefkc.com,"chiropractor overland park",3.82,135,54,chiropractichousekc.com,147,2624.00,37,31,48.2
painreliefkc.com,"chiropractor overland park",3.82,135,54,journeychirokc.com,113,2419.00,82,31,48.9
painreliefkc.com,"chiropractor overland park",3.82,135,54,overlandparkchiropractic.com,148,2323.00,98,31,40.1
painreliefkc.com,"chiropractor overland park",3.82,135,54,overlandparkchiropractor.net,146,2284.00,79,31,38.2
painreliefkc.com,"chiropractor overland park",3.82,135,54,overlandparkchiro.com,95,2152.00,62,30,41.1
painreliefkc.com,"chiropractor overland park",3.82,135,54,overlandchiro.com,101,1348.00,49,28,39.1
