Domain,Fell Off Count,API Cost,Keyword,Previous Rank,Current Rank,Rank Change,Search Volume,CPC,SEO Clicks,SEO Clicks Change
salemplasticsurgery.com,45,$0.0225,"liposuction flanks",14,11,-3,220,$8.45,4,-1
salemplasticsurgery.com,45,$0.0225,"renewal spa",57,31,-26,125,$1.31,1,-3
salemplasticsurgery.com,45,$0.0225,"lipo flanks",12,11,-1,110,$0.00,2,0
salemplasticsurgery.com,45,$0.0225,"emsculpt neo before and after",16,12,-4,90,$0.00,1,-1
salemplasticsurgery.com,45,$0.0225,"smart lipo triplex",28,16,-12,80,$5.87,1,-2
salemplasticsurgery.com,45,$0.0225,"liposuction on flanks",18,14,-4,75,$2.19,1,0
salemplasticsurgery.com,45,$0.0225,"lipo on flanks",24,17,-7,48,$0.00,1,0
salemplasticsurgery.com,45,$0.0225,"plastic surgeon in North Carolina",14,12,-2,44,$0.00,1,0
salemplasticsurgery.com,45,$0.0225,"plastic surgery north carolina",19,14,-5,44,$8.65,1,0
salemplasticsurgery.com,45,$0.0225,"before and after gallery",50,26,-24,44,$0.32,0,-4
salemplasticsurgery.com,45,$0.0225,"emsculpt abdomen before and after",17,12,-5,30,$0.00,0,-1
salemplasticsurgery.com,45,$0.0225,"flanks abdomen",32,19,-13,28,$0.00,0,-1
salemplasticsurgery.com,45,$0.0225,"before and after emsculpt",51,28,-23,27,$0.00,0,-1
salemplasticsurgery.com,45,$0.0225,"breast lift nc",18,14,-4,12,$0.00,0,0
salemplasticsurgery.com,45,$0.0225,"boobs augmentation",115,60,-55,3,$3.68,0,0
salemplasticsurgery.com,45,$0.0225,"emsculpt neo",44,27,-17,0,$0.00,0,0
salemplasticsurgery.com,45,$0.0225,"flank fat before and after",46,26,-20,0,$0.00,0,0
salemplasticsurgery.com,45,$0.0225,"breast lift job",18,14,-4,0,$0.00,0,0
salemplasticsurgery.com,45,$0.0225,"hampton plastic surgeon",35,21,-14,0,$0.00,0,0
salemplasticsurgery.com,45,$0.0225,"matrix rf microneedling",15,12,-3,0,$0.00,0,0
salemplasticsurgery.com,45,$0.0225,"forsyth plastic surgery photos",12,11,-1,0,$0.00,0,0
salemplasticsurgery.com,45,$0.0225,"flanks removal",161,85,-76,0,$0.00,0,0
salemplasticsurgery.com,45,$0.0225,"botox Salem",31,20,-11,0,$0.61,0,0
salemplasticsurgery.com,45,$0.0225,"jade before and after plastic surgery",32,21,-11,0,$0.00,0,0
salemplasticsurgery.com,45,$0.0225,"male flank liposuction before and after",54,32,-22,0,$0.00,0,0
salemplasticsurgery.com,45,$0.0225,"co2 laser nose before and after",19,14,-5,0,$0.00,0,0
salemplasticsurgery.com,45,$0.0225,"his hers med spa",178,93,-85,0,$0.00,0,0
salemplasticsurgery.com,45,$0.0225,"breast implant Salem",18,14,-4,0,$0.00,0,0
salemplasticsurgery.com,45,$0.0225,"emsculpt neo before after",12,11,-1,0,$0.00,0,0
salemplasticsurgery.com,45,$0.0225,"botox Winston-Salem",15,11,-4,0,$7.88,0,0
salemplasticsurgery.com,45,$0.0225,"cosmetic surgeons in north carolina",18,14,-4,0,$0.00,0,0
salemplasticsurgery.com,45,$0.0225,"eyelid surgery Salem",19,14,-5,0,$0.00,0,0
salemplasticsurgery.com,45,$0.0225,"facelift Salem",33,18,-15,0,$1.04,0,0
salemplasticsurgery.com,45,$0.0225,"facelift Salem",35,20,-15,0,$1.04,0,0
salemplasticsurgery.com,45,$0.0225,"lumenis co2 laser near me",19,14,-5,0,$0.00,0,0
salemplasticsurgery.com,45,$0.0225,"winston salem nc plastic surgeons",12,11,-1,0,$0.00,0,0
salemplasticsurgery.com,45,$0.0225,"lipo breast reduction before after",74,40,-34,0,$0.00,0,0
salemplasticsurgery.com,45,$0.0225,"Buttocks Enhanceher",43,24,-19,0,$0.00,0,0
salemplasticsurgery.com,45,$0.0225,"lipo to flanks before and after",17,11,-6,0,$0.00,0,0
salemplasticsurgery.com,45,$0.0225,"breast lift services",87,44,-43,0,$0.00,0,0
salemplasticsurgery.com,45,$0.0225,"flank skin",20,14,-6,0,$0.00,0,0
salemplasticsurgery.com,45,$0.0225,"emsculpt neo before",30,17,-13,0,$0.00,0,0
salemplasticsurgery.com,45,$0.0225,"emsculpt neo before and after photos",34,20,-14,0,$0.00,0,0
salemplasticsurgery.com,45,$0.0225,"thigh liposuction images",55,32,-23,0,$0.00,0,0
salemplasticsurgery.com,45,$0.0225,"candela matrix pro",16,11,-5,0,$0.00,0,0
aestheticinstitute.ie,2,$0.0010,"dublin tattoo removal",16,11,-5,44,$0.00,1,0
aestheticinstitute.ie,2,$0.0010,"can you make your chin smaller",24,17,-7,24,$0.00,0,0
coppellwellness.com,0,$0.0000,"(No keywords fell off)",N/A,N/A,0,0,$0.00,0,0
healthwestchiro.com,0,$0.0000,"(No keywords fell off)",N/A,N/A,0,0,$0.00,0,0
100percentdoc.com,0,$0.0000,"(No keywords fell off)",N/A,N/A,0,0,$0.00,0,0
axiominjury.com,1,$0.0005,"axiom therapies",33,21,-12,55,$1.05,0,-1
houstonbackandneck.com,0,$0.0000,"(No keywords fell off)",N/A,N/A,0,0,$0.00,0,0
alignwc.com,89,$0.0445,"preventing vertigo",19,13,-6,420,$0.00,6,-4
alignwc.com,89,$0.0445,"palm pressure points",12,11,-1,340,$0.00,5,-1
alignwc.com,89,$0.0445,"pressure points in the ear",48,27,-21,190,$0.17,1,-4
alignwc.com,89,$0.0445,"how to avoid vertigo attacks",20,13,-7,180,$0.00,2,-3
alignwc.com,89,$0.0445,"vertigo maneuvers",28,17,-11,180,$0.00,2,-3
alignwc.com,89,$0.0445,"pressure point to relieve ear pressure",14,11,-3,165,$0.00,3,-1
alignwc.com,89,$0.0445,"pressure points in head",70,40,-30,135,$1.39,1,-1
alignwc.com,89,$0.0445,"p6 pressure point",36,23,-13,135,$0.00,1,-1
alignwc.com,89,$0.0445,"recurrent vertigo",16,13,-3,135,$0.00,2,0
alignwc.com,89,$0.0445,"ways to get rid of vertigo",14,11,-3,110,$0.00,2,0
alignwc.com,89,$0.0445,"vertigo natural medicine",15,11,-4,100,$0.00,2,0
alignwc.com,89,$0.0445,"movements for vertigo",34,22,-12,100,$3.94,1,-1
alignwc.com,89,$0.0445,"stress cause vertigo",16,12,-4,90,$0.00,1,-1
alignwc.com,89,$0.0445,"gb 20 acupressure point",63,36,-27,90,$0.00,0,-2
alignwc.com,89,$0.0445,"is vertigo stress related",20,15,-5,75,$0.12,1,0
alignwc.com,89,$0.0445,"natural ways to help vertigo",17,12,-5,70,$0.17,1,-1
alignwc.com,89,$0.0445,"can massage help with vertigo",15,11,-4,55,$0.00,1,0
alignwc.com,89,$0.0445,"can vertigo be stress related",16,13,-3,55,$1.06,1,0
alignwc.com,89,$0.0445,"pressure point behind ear called",43,23,-20,55,$0.00,0,-3
alignwc.com,89,$0.0445,"will anesthesia make my vertigo worse",15,12,-3,55,$0.00,1,0
alignwc.com,89,$0.0445,"can stress cause vertigo symptoms",24,17,-7,55,$0.17,1,0
alignwc.com,89,$0.0445,"chiropractic for flu",16,13,-3,55,$0.00,1,0
alignwc.com,89,$0.0445,"stress causes vertigo",12,11,-1,48,$0.99,1,0
alignwc.com,89,$0.0445,"can stress give you vertigo",37,23,-14,46,$0.00,0,-1
alignwc.com,89,$0.0445,"can massage help vertigo",27,18,-9,44,$0.00,0,-1
alignwc.com,89,$0.0445,"sitting straight hurts my back",17,13,-4,44,$0.00,1,0
alignwc.com,89,$0.0445,"how to stop getting vertigo",16,13,-3,44,$0.38,1,0
alignwc.com,89,$0.0445,"essential oils for vertigo recipe",14,11,-3,44,$0.00,1,0
alignwc.com,89,$0.0445,"pressure points on ear",27,16,-11,44,$0.00,0,-2
alignwc.com,89,$0.0445,"does salt help with dizziness",18,14,-4,44,$0.00,1,0
alignwc.com,89,$0.0445,"pressure point in ear",34,20,-14,44,$0.00,0,-1
alignwc.com,89,$0.0445,"pressure points in ear",24,14,-10,44,$0.23,1,-1
alignwc.com,89,$0.0445,"what to eat when you feel lightheaded",16,13,-3,44,$0.00,1,0
alignwc.com,89,$0.0445,"does vertigo come and go",23,16,-7,44,$0.52,0,-1
alignwc.com,89,$0.0445,"vertigo natural healing",15,11,-4,44,$0.16,1,0
alignwc.com,89,$0.0445,"can you get vertigo from stress",16,12,-4,44,$0.00,1,0
alignwc.com,89,$0.0445,"align rehabilitation & wellness center",61,35,-26,42,$0.00,0,-1
alignwc.com,89,$0.0445,"align rehabilitation & wellness center",59,33,-26,42,$0.00,0,-1
alignwc.com,89,$0.0445,"meniere's disease acupuncture points",28,17,-11,40,$0.00,0,-1
alignwc.com,89,$0.0445,"reiki for vertigo",22,15,-7,40,$0.12,0,-1
alignwc.com,89,$0.0445,"vertigo treatment natural remedies",21,14,-7,40,$0.94,1,0
alignwc.com,89,$0.0445,"acupressure points for hearing loss",25,16,-9,40,$0.45,0,-1
alignwc.com,89,$0.0445,"sitting up straight is bad for your back",26,16,-10,40,$0.00,0,-1
alignwc.com,89,$0.0445,"salt vertigo",22,13,-9,40,$0.00,1,-1
alignwc.com,89,$0.0445,"stress causing vertigo",19,13,-6,34,$0.99,0,-1
alignwc.com,89,$0.0445,"align ear crystals",15,12,-3,28,$1.05,0,-1
alignwc.com,89,$0.0445,"natural herbs for vertigo",12,11,-1,28,$0.00,0,0
alignwc.com,89,$0.0445,"is vertigo caused by stress",12,11,-1,28,$0.97,0,0
alignwc.com,89,$0.0445,"natural home remedies for vertigo",177,93,-84,28,$0.15,0,-1
alignwc.com,89,$0.0445,"vitamin c for vertigo",26,16,-10,28,$0.00,0,-1
alignwc.com,89,$0.0445,"acupuncture points behind ear",18,12,-6,28,$0.30,0,-1
alignwc.com,89,$0.0445,"sciatica after a fall",12,11,-1,24,$0.00,0,0
alignwc.com,89,$0.0445,"pressure point ears",155,80,-75,19,$0.00,0,-1
alignwc.com,89,$0.0445,"vertigo method",44,27,-17,12,$0.00,0,0
alignwc.com,89,$0.0445,"does massage help vertigo",15,11,-4,12,$0.00,0,0
alignwc.com,89,$0.0445,"quick relief for vertigo",18,13,-5,12,$0.00,0,0
alignwc.com,89,$0.0445,"fixing vertigo at home",24,17,-7,12,$0.00,0,0
alignwc.com,89,$0.0445,"vagus nerve adjustment",17,13,-4,12,$0.00,0,0
alignwc.com,89,$0.0445,"acupressure points in the ear",37,22,-15,9,$0.39,0,0
alignwc.com,89,$0.0445,"quick relief vertigo",68,39,-29,0,$0.00,0,0
alignwc.com,89,$0.0445,"what stops vertigo fast",21,15,-6,0,$0.00,0,0
alignwc.com,89,$0.0445,"food to eat when dizzy and nauseous",24,15,-9,0,$0.00,0,0
alignwc.com,89,$0.0445,"will massage help vertigo",15,11,-4,0,$0.00,0,0
alignwc.com,89,$0.0445,"natural remedies for vertigo in humans",17,12,-5,0,$0.00,0,0
alignwc.com,89,$0.0445,"what natural remedies help vertigo",19,14,-5,0,$0.00,0,0
alignwc.com,89,$0.0445,"northbrook to your health tips",54,28,-26,0,$0.00,0,0
alignwc.com,89,$0.0445,"how to get rid of vertigo lying down",28,19,-9,0,$0.00,0,0
alignwc.com,89,$0.0445,"pressure points around the ear",19,13,-6,0,$0.00,0,0
alignwc.com,89,$0.0445,"what helps vertigo fast",15,11,-4,0,$0.00,0,0
alignwc.com,89,$0.0445,"gut health chiropractic",27,18,-9,0,$0.00,0,0
alignwc.com,89,$0.0445,"ear pressure point for nausea",20,14,-6,0,$0.00,0,0
alignwc.com,89,$0.0445,"what is home remedy for vertigo",20,15,-5,0,$0.00,0,0
alignwc.com,89,$0.0445,"advanced biostructural correction danger",65,36,-29,0,$0.00,0,0
alignwc.com,89,$0.0445,"vertigo triggered by stress",14,12,-2,0,$0.00,0,0
alignwc.com,89,$0.0445,"pressure points on your ears",109,59,-50,0,$0.00,0,0
alignwc.com,89,$0.0445,"prevent vertigo attacks",26,15,-11,0,$0.00,0,0
alignwc.com,89,$0.0445,"vertigo quick relief",81,45,-36,0,$0.00,0,0
alignwc.com,89,$0.0445,"does caffeine help dizziness",18,12,-6,0,$0.00,0,0
alignwc.com,89,$0.0445,"what supplements help with lower back pain",25,17,-8,0,$0.00,0,0
alignwc.com,89,$0.0445,"vertigo homeopathic cures",16,13,-3,0,$0.00,0,0
alignwc.com,89,$0.0445,"vertigo causes natural treatment",14,11,-3,0,$0.00,0,0
alignwc.com,89,$0.0445,"bppv and diet",16,11,-5,0,$0.00,0,0
alignwc.com,89,$0.0445,"pericardium 6 or p6",21,11,-10,0,$0.00,0,0
alignwc.com,89,$0.0445,"acupressure points for ear",14,11,-3,0,$0.00,0,0
alignwc.com,89,$0.0445,"proper alignment of the spine",18,14,-4,0,$0.00,0,0
alignwc.com,89,$0.0445,"gut health chiropractor",20,14,-6,0,$0.00,0,0
alignwc.com,89,$0.0445,"whats sciatic nerve pain",17,13,-4,0,$0.00,0,0
alignwc.com,89,$0.0445,"sciatica 900",13,11,-2,0,$0.00,0,0
alignwc.com,89,$0.0445,"chiropractor with a cold",17,13,-4,0,$0.00,0,0
infinityspine.com,0,$0.0000,"(No keywords fell off)",N/A,N/A,0,0,$0.00,0,0
painreliefkc.com,4,$0.0020,"kinesiology practitioners near me",25,17,-8,100,$0.00,1,-1
painreliefkc.com,4,$0.0020,"craniosacral massage techniques",12,11,-1,44,$0.57,1,0
painreliefkc.com,4,$0.0020,"integrative chiropractic care",19,14,-5,0,$0.00,0,0
painreliefkc.com,4,$0.0020,"holistic kinesiology near me",25,15,-10,0,$0.00,0,0
