Domain,Total Keywords,Page 1 Keywords,Opportunity Type,Keyword,Current Rank,Traffic,CPC,Potential Impact
salemplasticsurgery.com,1878,233,Top CPC,"dermaplaning winston salem",4,40,$20.41,HIGHEST CPC
salemplasticsurgery.com,1878,233,Top CPC,"laser hair removal winston-salem",8,28,$13.79,High CPC
salemplasticsurgery.com,1878,233,Top CPC,"botox Winston-Salem",10,0,$7.88,High CPC
salemplasticsurgery.com,1878,233,Top CPC,"flank lipo",9,44,$6.55,High CPC
salemplasticsurgery.com,1878,233,Top CPC,"breast augmentation winston salem nc",3,40,$5.65,High CPC
salemplasticsurgery.com,1878,233,Top CPC,"breast augmentation winston salem nc",2,40,$5.65,High CPC
salemplasticsurgery.com,1878,233,Top CPC,"breast lift operation",9,1,$4.37,High CPC
salemplasticsurgery.com,1878,233,Top CPC,"plastic surgery salem or",6,24,$4.14,High CPC
salemplasticsurgery.com,1878,233,Top CPC,"brazilian liposuction",10,80,$3.72,High CPC
salemplasticsurgery.com,1878,233,Top CPC,"plastic surgery winston salem nc",8,55,$3.67,High CPC
salemplasticsurgery.com,1878,233,High Traffic,"em sculpt",9,810,$0.00,HIGHEST TRAFFIC
salemplasticsurgery.com,1878,233,High Traffic,"precisiontx",7,340,$0.00,High Traffic
salemplasticsurgery.com,1878,233,High Traffic,"renew med spa",5,270,$0.00,High Traffic
salemplasticsurgery.com,1878,233,High Traffic,"laser hair removal winston salem",5,190,$0.00,High Traffic
salemplasticsurgery.com,1878,233,High Traffic,"joy plastic surgery",9,165,$0.00,High Traffic
salemplasticsurgery.com,1878,233,High Traffic,"lipo bbl",8,150,$0.00,High Traffic
salemplasticsurgery.com,1878,233,High Traffic,"med spa winston salem",3,150,$0.00,High Traffic
salemplasticsurgery.com,1878,233,High Traffic,"emsculpt before after",4,135,$0.00,High Traffic
salemplasticsurgery.com,1878,233,High Traffic,"tummy tuck and breast reduction",9,125,$1.59,High Traffic
salemplasticsurgery.com,1878,233,High Traffic,"sps surgery",3,115,$0.00,High Traffic
aestheticinstitute.ie,445,28,Top CPC,"liposuction dublin",6,10,$1.44,HIGHEST CPC
aestheticinstitute.ie,445,28,High Traffic,"akademikliniken",5,100,$0.00,HIGHEST TRAFFIC
aestheticinstitute.ie,445,28,High Traffic,"dublin plastic surgery",9,44,$0.00,High Traffic
aestheticinstitute.ie,445,28,High Traffic,"plastic surgery dublin",3,44,$0.00,High Traffic
aestheticinstitute.ie,445,28,High Traffic,"tummy tuck dublin",3,22,$0.00,High Traffic
aestheticinstitute.ie,445,28,High Traffic,"breast augmentation dublin",4,16,$0.00,High Traffic
aestheticinstitute.ie,445,28,High Traffic,"liposuction dublin",6,10,$1.44,High Traffic
aestheticinstitute.ie,445,28,High Traffic,"lip injections dublin",2,5,$0.00,High Traffic
axiominjury.com,67,2,High Traffic,"carrollton injury rehab & chiropractic",9,55,$0.00,HIGHEST TRAFFIC
alignwc.com,4715,535,Top CPC,"can tmj cause dizziness floating feeling",10,320,$6.20,HIGHEST CPC
alignwc.com,4715,535,Top CPC,"acupuncture for dizziness",9,135,$4.55,High CPC
alignwc.com,4715,535,Top CPC,"acupuncture for dizziness",5,135,$4.55,High CPC
alignwc.com,4715,535,Top CPC,"corrective chiropractic near me",8,750,$4.12,High CPC
alignwc.com,4715,535,Top CPC,"vertigo massage techniques",3,28,$3.95,High CPC
alignwc.com,4715,535,Top CPC,"vertigo massage therapy",9,28,$3.94,High CPC
alignwc.com,4715,535,Top CPC,"acupuncture vertigo",6,220,$3.47,High CPC
alignwc.com,4715,535,Top CPC,"essential oil for lightheadedness",3,110,$3.35,High CPC
alignwc.com,4715,535,Top CPC,"essential oils for lightheadedness",3,90,$3.34,High CPC
alignwc.com,4715,535,Top CPC,"back pain supplement",4,100,$3.33,High CPC
alignwc.com,4715,535,High Traffic,"corrective chiropractic near me",8,750,$4.12,HIGHEST TRAFFIC
alignwc.com,4715,535,High Traffic,"what cures vertigo fast",5,750,$0.00,High Traffic
alignwc.com,4715,535,High Traffic,"can dehydration cause vertigo",3,570,$0.00,High Traffic
alignwc.com,4715,535,High Traffic,"can dehydration cause dizziness",10,540,$0.00,High Traffic
alignwc.com,4715,535,High Traffic,"physical therapy for vertigo",9,480,$0.00,High Traffic
alignwc.com,4715,535,High Traffic,"can sleep apnea cause dizziness",3,460,$2.25,High Traffic
alignwc.com,4715,535,High Traffic,"how do you get rid of vertigo fast",3,440,$0.00,High Traffic
alignwc.com,4715,535,High Traffic,"massage for vertigo",2,400,$0.00,High Traffic
alignwc.com,4715,535,High Traffic,"how to fix vertigo quickly",5,380,$0.00,High Traffic
alignwc.com,4715,535,High Traffic,"is vertigo hereditary",4,360,$0.00,High Traffic
painreliefkc.com,392,15,Top CPC,"kinesiology chiropractic",7,44,$5.74,HIGHEST CPC
painreliefkc.com,392,15,Top CPC,"chiropractic kinesiology",3,44,$5.13,High CPC
painreliefkc.com,392,15,Top CPC,"kinesiology chiropractor",4,300,$3.53,High CPC
painreliefkc.com,392,15,Top CPC,"chiropractic manual",5,80,$0.41,High CPC
painreliefkc.com,392,15,High Traffic,"kinesiology chiropractor",4,300,$3.53,HIGHEST TRAFFIC
painreliefkc.com,392,15,High Traffic,"craniosacral unwinding",4,135,$0.00,High Traffic
painreliefkc.com,392,15,High Traffic,"dr carlston",9,105,$0.00,High Traffic
painreliefkc.com,392,15,High Traffic,"chiropractic manual",5,80,$0.41,High Traffic
painreliefkc.com,392,15,High Traffic,"kinesiology chiropractic",7,44,$5.74,High Traffic
painreliefkc.com,392,15,High Traffic,"chiropractic kinesiology",3,44,$5.13,High Traffic
painreliefkc.com,392,15,High Traffic,"unwinding craniosacral therapy",8,28,$0.00,High Traffic
painreliefkc.com,392,15,High Traffic,"craniosacral therapy unwinding",6,28,$0.00,High Traffic
